{"cameraMode":{"drawMode":0,"name":"Shaded","section":"Shading Mode"},"sceneLighting":false,"audioPlay":false,"sceneViewState":{"showFog":true,"showMaterialUpdate":false,"showSkybox":false,"showFlares":true,"showImageEffects":true,"showParticleSystems":true},"in2DMode":false,"pivot":{"x":1.63100004196167,"y":0.0,"z":12.201399803161621},"rotation":{"x":-0.013243665918707848,"y":0.6764799356460571,"z":0.01219023298472166,"w":0.73626708984375},"size":0.37152421474456789,"orthographic":false}