{"cameraMode":{"drawMode":0,"name":"Shaded","section":"Shading Mode"},"sceneLighting":false,"audioPlay":false,"sceneViewState":{"showFog":true,"showMaterialUpdate":false,"showSkybox":false,"showFlares":true,"showImageEffects":true,"showParticleSystems":true},"in2DMode":false,"pivot":{"x":33.720096588134769,"y":-4.252693176269531,"z":-7.286796569824219},"rotation":{"x":-0.20555466413497926,"y":0.4149342179298401,"z":0.09679321944713593,"w":0.881096363067627},"size":60.88176727294922,"orthographic":false}