{"cameraMode":{"drawMode":0,"name":"Shaded","section":"Shading Mode"},"sceneLighting":false,"audioPlay":false,"sceneViewState":{"showFog":true,"showMaterialUpdate":false,"showSkybox":false,"showFlares":true,"showImageEffects":true,"showParticleSystems":true},"in2DMode":false,"pivot":{"x":0.19649618864059449,"y":0.23979812860488892,"z":1.2484450340270997},"rotation":{"x":-0.09799519181251526,"y":0.07163789868354798,"z":0.007070409134030342,"w":0.9926390647888184},"size":1.7284750938415528,"orthographic":false}