{"cameraMode":{"drawMode":0,"name":"Shaded","section":"Shading Mode"},"sceneLighting":true,"audioPlay":false,"sceneViewState":{"showFog":true,"showMaterialUpdate":false,"showSkybox":false,"showFlares":true,"showImageEffects":true,"showParticleSystems":true},"in2DMode":false,"pivot":{"x":-4.8236541748046879,"y":1.5805342197418213,"z":-3.425107955932617},"rotation":{"x":0.10488919168710709,"y":0.6012071371078491,"z":-0.08002407103776932,"w":0.7881912589073181},"size":6.001556396484375,"orthographic":false}