{"cameraMode":{"drawMode":0,"name":"Shaded","section":"Shading Mode"},"sceneLighting":false,"audioPlay":false,"sceneViewState":{"showFog":true,"showMaterialUpdate":false,"showSkybox":false,"showFlares":true,"showImageEffects":true,"showParticleSystems":true},"in2DMode":false,"pivot":{"x":0.006067037582397461,"y":-4.76837158203125e-7,"z":-0.006066560745239258},"rotation":{"x":0.08603211492300034,"y":-0.9074445366859436,"z":0.22814491391181947,"w":0.34219300746917727},"size":0.2857883870601654,"orthographic":false}